<?xml version="1.0" encoding="UTF-8" standalone="yes"?>
<addon id="plugin.program.playerwiz" name="Players wizard" version="0.0.2" provider-name="Players klub">
  <requires>
    <import addon="xbmc.python" version="2.1.0"/>
  </requires>
  <extension point="xbmc.python.pluginsource" library="default.py">
    <provides>executable</provides>
  </extension>
  <extension point="xbmc.service" library="startup.py" start="startup" />
  <extension point="xbmc.addon.metadata">
    <summary lang="en">Players wizard</summary>
    <description lang="en">Players klub wizard</description>
    <platform>all</platform>
  </extension>
</addon>